PRAGMA foreign_keys=OFF;
BEGIN TRANSACTION;
CREATE TABLE IF NOT EXISTS "django_migrations" ("id" integer NOT NULL PRIMARY KEY AUTOINCREMENT, "app" varchar(255) NOT NULL, "name" varchar(255) NOT NULL, "applied" datetime NOT NULL);
INSERT INTO django_migrations VALUES(1,'contenttypes','0001_initial','2024-11-26 12:29:44.859962');
INSERT INTO django_migrations VALUES(2,'auth','0001_initial','2024-11-26 12:29:44.892569');
INSERT INTO django_migrations VALUES(6,'contenttypes','0002_remove_content_type_name','2024-11-26 12:29:44.985269');
INSERT INTO django_migrations VALUES(7,'auth','0002_alter_permission_name_max_length','2024-11-26 12:29:45.002529');
INSERT INTO django_migrations VALUES(8,'auth','0003_alter_user_email_max_length','2024-11-26 12:29:45.024063');
INSERT INTO django_migrations VALUES(9,'auth','0004_alter_user_username_opts','2024-11-26 12:29:45.040946');
INSERT INTO django_migrations VALUES(10,'auth','0005_alter_user_last_login_null','2024-11-26 12:29:45.057890');
INSERT INTO django_migrations VALUES(11,'auth','0006_require_contenttypes_0002','2024-11-26 12:29:45.064907');
INSERT INTO django_migrations VALUES(12,'auth','0007_alter_validators_add_error_messages','2024-11-26 12:29:45.081781');
INSERT INTO django_migrations VALUES(13,'auth','0008_alter_user_username_max_length','2024-11-26 12:29:45.106051');
INSERT INTO django_migrations VALUES(14,'auth','0009_alter_user_last_name_max_length','2024-11-26 12:29:45.127236');
INSERT INTO django_migrations VALUES(15,'auth','0010_alter_group_name_max_length','2024-11-26 12:29:45.145115');
INSERT INTO django_migrations VALUES(16,'auth','0011_update_proxy_permissions','2024-11-26 12:29:45.158168');
INSERT INTO django_migrations VALUES(17,'auth','0012_alter_user_first_name_max_length','2024-11-26 12:29:45.184950');
INSERT INTO django_migrations VALUES(18,'movies','0001_initial','2024-11-26 12:29:45.197258');
INSERT INTO django_migrations VALUES(19,'sessions','0001_initial','2024-11-26 12:29:45.212740');
INSERT INTO django_migrations VALUES(21,'users','0002_delete_userprofile','2024-11-26 12:42:24.994809');
INSERT INTO django_migrations VALUES(22,'movies','0002_alter_movie_rating','2024-11-28 06:50:34.719549');
INSERT INTO django_migrations VALUES(23,'movies','0003_remove_movie_poster_image_movie_image_and_more','2024-11-28 10:33:01.420465');
INSERT INTO django_migrations VALUES(24,'movies','0004_rename_image_movie_poster_image','2024-11-28 10:37:05.223302');
INSERT INTO django_migrations VALUES(25,'users','0001_initial','2024-12-10 18:48:51.503935');
CREATE TABLE IF NOT EXISTS "auth_group_permissions" ("id" integer NOT NULL PRIMARY KEY AUTOINCREMENT, "group_id" integer NOT NULL REFERENCES "auth_group" ("id") DEFERRABLE INITIALLY DEFERRED, "permission_id" integer NOT NULL REFERENCES "auth_permission" ("id") DEFERRABLE INITIALLY DEFERRED);
CREATE TABLE IF NOT EXISTS "auth_user_groups" ("id" integer NOT NULL PRIMARY KEY AUTOINCREMENT, "user_id" integer NOT NULL REFERENCES "auth_user" ("id") DEFERRABLE INITIALLY DEFERRED, "group_id" integer NOT NULL REFERENCES "auth_group" ("id") DEFERRABLE INITIALLY DEFERRED);
CREATE TABLE IF NOT EXISTS "auth_user_user_permissions" ("id" integer NOT NULL PRIMARY KEY AUTOINCREMENT, "user_id" integer NOT NULL REFERENCES "auth_user" ("id") DEFERRABLE INITIALLY DEFERRED, "permission_id" integer NOT NULL REFERENCES "auth_permission" ("id") DEFERRABLE INITIALLY DEFERRED);
CREATE TABLE IF NOT EXISTS "django_admin_log" ("id" integer NOT NULL PRIMARY KEY AUTOINCREMENT, "object_id" text NULL, "object_repr" varchar(200) NOT NULL, "action_flag" smallint unsigned NOT NULL CHECK ("action_flag" >= 0), "change_message" text NOT NULL, "content_type_id" integer NULL REFERENCES "django_content_type" ("id") DEFERRABLE INITIALLY DEFERRED, "user_id" integer NOT NULL REFERENCES "auth_user" ("id") DEFERRABLE INITIALLY DEFERRED, "action_time" datetime NOT NULL);
INSERT INTO django_admin_log VALUES(1,'1','Premalu',1,'[{"added": {}}]',8,1,'2024-11-26 13:29:55.605294');
INSERT INTO django_admin_log VALUES(2,'2','All We Imagine As Light',1,'[{"added": {}}]',8,1,'2024-11-26 14:14:40.514700');
INSERT INTO django_admin_log VALUES(3,'3','Kill',1,'[{"added": {}}]',8,1,'2024-11-27 05:54:15.182095');
INSERT INTO django_admin_log VALUES(4,'2','All We Imagine As Light',2,'[{"changed": {"fields": ["Description"]}}]',8,1,'2024-11-27 10:11:55.598184');
INSERT INTO django_admin_log VALUES(5,'2','All We Imagine As Light',2,'[]',8,1,'2024-11-27 10:12:24.633982');
INSERT INTO django_admin_log VALUES(6,'4','The Goat Life',1,'[{"added": {}}]',8,1,'2024-11-27 16:46:26.962100');
INSERT INTO django_admin_log VALUES(7,'1','Premalu',2,'[{"changed": {"fields": ["Poster image"]}}]',8,1,'2024-11-27 18:00:31.313073');
INSERT INTO django_admin_log VALUES(8,'1','Premalu',2,'[{"changed": {"fields": ["Poster image"]}}]',8,1,'2024-11-27 18:01:05.969403');
INSERT INTO django_admin_log VALUES(9,'5','Oppenheimer',2,'[{"changed": {"fields": ["Description", "Trailer video"]}}]',8,1,'2024-11-28 07:19:13.311117');
INSERT INTO django_admin_log VALUES(10,'6','Moana 2',2,'[{"changed": {"fields": ["Rating"]}}]',8,1,'2024-11-28 07:57:59.975258');
INSERT INTO django_admin_log VALUES(11,'5','Oppenheimer',2,'[{"changed": {"fields": ["Rating"]}}]',8,1,'2024-11-28 07:58:19.940155');
INSERT INTO django_admin_log VALUES(12,'8','Tatami',2,'[{"changed": {"fields": ["Poster image"]}}]',8,1,'2024-11-28 10:40:17.102723');
INSERT INTO django_admin_log VALUES(13,'3','Kill',2,'[{"changed": {"fields": ["Poster image"]}}]',8,1,'2024-11-28 10:47:37.303066');
INSERT INTO django_admin_log VALUES(14,'2','testuser',2,'[{"changed": {"fields": ["password"]}}]',4,1,'2024-12-09 11:37:41.225796');
INSERT INTO django_admin_log VALUES(15,'3','rahulsanjeev',3,'',4,1,'2024-12-09 11:41:22.405148');
INSERT INTO django_admin_log VALUES(16,'2','testuser',3,'',4,1,'2024-12-09 11:41:22.405194');
CREATE TABLE IF NOT EXISTS "django_content_type" ("id" integer NOT NULL PRIMARY KEY AUTOINCREMENT, "app_label" varchar(100) NOT NULL, "model" varchar(100) NOT NULL);
INSERT INTO django_content_type VALUES(1,'admin','logentry');
INSERT INTO django_content_type VALUES(2,'auth','permission');
INSERT INTO django_content_type VALUES(3,'auth','group');
INSERT INTO django_content_type VALUES(4,'auth','user');
INSERT INTO django_content_type VALUES(5,'contenttypes','contenttype');
INSERT INTO django_content_type VALUES(6,'sessions','session');
INSERT INTO django_content_type VALUES(7,'users','userprofile');
INSERT INTO django_content_type VALUES(8,'movies','movie');
INSERT INTO django_content_type VALUES(9,'users','useraccount');
CREATE TABLE IF NOT EXISTS "auth_permission" ("id" integer NOT NULL PRIMARY KEY AUTOINCREMENT, "content_type_id" integer NOT NULL REFERENCES "django_content_type" ("id") DEFERRABLE INITIALLY DEFERRED, "codename" varchar(100) NOT NULL, "name" varchar(255) NOT NULL);
INSERT INTO auth_permission VALUES(1,1,'add_logentry','Can add log entry');
INSERT INTO auth_permission VALUES(2,1,'change_logentry','Can change log entry');
INSERT INTO auth_permission VALUES(3,1,'delete_logentry','Can delete log entry');
INSERT INTO auth_permission VALUES(4,1,'view_logentry','Can view log entry');
INSERT INTO auth_permission VALUES(5,2,'add_permission','Can add permission');
INSERT INTO auth_permission VALUES(6,2,'change_permission','Can change permission');
INSERT INTO auth_permission VALUES(7,2,'delete_permission','Can delete permission');
INSERT INTO auth_permission VALUES(8,2,'view_permission','Can view permission');
INSERT INTO auth_permission VALUES(9,3,'add_group','Can add group');
INSERT INTO auth_permission VALUES(10,3,'change_group','Can change group');
INSERT INTO auth_permission VALUES(11,3,'delete_group','Can delete group');
INSERT INTO auth_permission VALUES(12,3,'view_group','Can view group');
INSERT INTO auth_permission VALUES(13,4,'add_user','Can add user');
INSERT INTO auth_permission VALUES(14,4,'change_user','Can change user');
INSERT INTO auth_permission VALUES(15,4,'delete_user','Can delete user');
INSERT INTO auth_permission VALUES(16,4,'view_user','Can view user');
INSERT INTO auth_permission VALUES(17,5,'add_contenttype','Can add content type');
INSERT INTO auth_permission VALUES(18,5,'change_contenttype','Can change content type');
INSERT INTO auth_permission VALUES(19,5,'delete_contenttype','Can delete content type');
INSERT INTO auth_permission VALUES(20,5,'view_contenttype','Can view content type');
INSERT INTO auth_permission VALUES(21,6,'add_session','Can add session');
INSERT INTO auth_permission VALUES(22,6,'change_session','Can change session');
INSERT INTO auth_permission VALUES(23,6,'delete_session','Can delete session');
INSERT INTO auth_permission VALUES(24,6,'view_session','Can view session');
INSERT INTO auth_permission VALUES(25,7,'add_userprofile','Can add user profile');
INSERT INTO auth_permission VALUES(26,7,'change_userprofile','Can change user profile');
INSERT INTO auth_permission VALUES(27,7,'delete_userprofile','Can delete user profile');
INSERT INTO auth_permission VALUES(28,7,'view_userprofile','Can view user profile');
INSERT INTO auth_permission VALUES(29,8,'add_movie','Can add movie');
INSERT INTO auth_permission VALUES(30,8,'change_movie','Can change movie');
INSERT INTO auth_permission VALUES(31,8,'delete_movie','Can delete movie');
INSERT INTO auth_permission VALUES(32,8,'view_movie','Can view movie');
INSERT INTO auth_permission VALUES(33,9,'add_useraccount','Can add user account');
INSERT INTO auth_permission VALUES(34,9,'change_useraccount','Can change user account');
INSERT INTO auth_permission VALUES(35,9,'delete_useraccount','Can delete user account');
INSERT INTO auth_permission VALUES(36,9,'view_useraccount','Can view user account');
CREATE TABLE IF NOT EXISTS "auth_group" ("id" integer NOT NULL PRIMARY KEY AUTOINCREMENT, "name" varchar(150) NOT NULL UNIQUE);
CREATE TABLE IF NOT EXISTS "auth_user" ("id" integer NOT NULL PRIMARY KEY AUTOINCREMENT, "password" varchar(128) NOT NULL, "last_login" datetime NULL, "is_superuser" bool NOT NULL, "username" varchar(150) NOT NULL UNIQUE, "last_name" varchar(150) NOT NULL, "email" varchar(254) NOT NULL, "is_staff" bool NOT NULL, "is_active" bool NOT NULL, "date_joined" datetime NOT NULL, "first_name" varchar(150) NOT NULL);
INSERT INTO auth_user VALUES(1,'pbkdf2_sha256$870000$jmYN8qzXtwKxemZDIjf9Tb$OmQedCJ7sJvOmzhGTGqD5m1UH5ogmT47D7oIaE1JCRw=','2024-11-26 12:47:30.384213',1,'admin','','',1,1,'2024-11-26 12:30:13.585605','');
INSERT INTO auth_user VALUES(4,'pbkdf2_sha256$870000$1dWFvTKDlKO7fwQaBcQAYv$jXg//vPfunTE0s3K3guP5bByaUS0BfahVkvGvJIf6Hk=',NULL,0,'rahulsanjeev','Sanjeev','rahulsanjeev9@gmail.com',0,1,'2024-12-09 11:51:43.358837','Rahul');
CREATE TABLE IF NOT EXISTS "django_session" ("session_key" varchar(40) NOT NULL PRIMARY KEY, "session_data" text NOT NULL, "expire_date" datetime NOT NULL);
INSERT INTO django_session VALUES('u7jga2vx6el7st5ex6byiee173skx9j3','.eJxVjLEOwyAQQ_-FuUIciOTo2L3fgC4H16StQArJFPXfm0gZWnmyn-1NRVqXMa4tz3FK6qpAXX6zgfiVywHSk8qjaq5lmadBHxV90qbvNeX37ez-HYzUxn2NwoGN89R76N2u3Vv0ns1gQTL0HBCds9kiCIogE1JIjjuBLoBRny_NMTdf:1tKc57:iEIYPecO4dJhYscVk8xztIn51GOtuNn-H6ubH89-E_M','2024-12-23 11:37:41.237202');
CREATE TABLE IF NOT EXISTS "movies_movie" ("id" integer NOT NULL PRIMARY KEY AUTOINCREMENT, "name" varchar(255) NOT NULL, "director" varchar(255) NOT NULL, "casts" varchar(255) NOT NULL, "rating" real NOT NULL, "description" text NOT NULL, "trailer_video" varchar(200) NOT NULL, "genre" varchar(255) NOT NULL, "poster_image" varchar(100) NULL, "release_year" varchar(4) NOT NULL);
INSERT INTO movies_movie VALUES(2,'All We Imagine As Light','Payal Kapadia','Kani Kusruti, Divya Prabha, Chhaya Kadam, Hridhu Haroon',7.2999999999999998223,replace(replace('All We Imagine as Light premiered at the 77th Cannes Film Festival on 23 May 2024.It was the first film from India to compete in the main competition since 1994, and won the Grand Prix.\r\nThe film was an international co-production involving companies from France, India, the Netherlands, Luxembourg, and Italy.','\r',char(13)),'\n',char(10)),'https://youtu.be/WTHmvfqvOXE?si=qGd-BbLYlXqxHxvx','Drama','posters/All_We_Imagine_as_Light_film_poster_0SnQpIA.jpg','2024');
INSERT INTO movies_movie VALUES(3,'Kill','Nikhil Nagesh Bhat','Lakshya, Raghav Juyal, Tanya Maniktala',7.5999999999999996447,'During a train trip to New Delhi, a pair of commandos face an army of invading bandits.','https://youtu.be/da7lKeeS67c?si=ZtJL_pk9hvNbTB7T','Drama, Thriller, Crime, Action, Action Epic, One-Person Army Action','posters/MV5BZjI1ZjM3NjUtYTc1Ni00ODJmLWI5YjQtMWZiZTAyNTFiZGY1XkEyXkFqcGc._V1_.jpg','2023');
INSERT INTO movies_movie VALUES(4,'The Goat Life','Blessy','Prithviraj Sukumaran, Jimmy Jean-Louis, K.R. Gokul',7.0999999999999996447,'An Indian man seeking work follows a job lead to Saudi Arabia, only to find himself forced to labor without pay as a goat herder in the remote desert.','https://youtu.be/Olcz2kSojWM?si=XyhfIzhe2pK8wRjP','Survival','posters/MV5BNGZiMDZkMGYtNDkyYS00ZjliLWFlZTEtZmE3MWE3OTE2MTA1XkEyXkFqcGc._V1_.jpg','2024');
INSERT INTO movies_movie VALUES(5,'Oppenheimer','Christopher Nolan','Cillian Murphy, Emily Blunt, Matt Damon',8.3000000000000007105,'A dramatization of the life story of J. Robert Oppenheimer, the physicist who had a large hand in the development of the atomic bombs that brought an end to World War II.','https://youtu.be/bK6ldnjE3Y0?si=vgmE5kjtLIhbyHQE','Docudrama','posters/MV5BN2JkMDc5MGQtZjg3YS00NmFiLWIyZmQtZTJmNTM5MjVmYTQ4XkEyXkFqcGc._V1_.jpg','2023');
INSERT INTO movies_movie VALUES(6,'Moana 2','David G. Derrick, Jr.Jason Hand, Dana Ledoux Miller','Auli''i Cravalho, Dwayne Johnson, Hualalai Chung',7.0999999999999996447,'After receiving an unexpected call from her wayfinding ancestors, Moana must journey to the far seas of Oceania and into dangerous, long-lost waters for an adventure unlike anything she''s ever faced.','https://youtu.be/hDZ7y8RP5HE?si=4YqG-rzxHlWmjeh_','Computer Animation, Adventure','posters/MV5BY2YxOWYwMzMtYjlkMS00YmE1LTkxOTgtNDQyNDc4YWZiNTQyXkEyXkFqcGc._V1_.jpg','2024');
INSERT INTO movies_movie VALUES(7,'Premalu','Girish A.D.','Naslen, Mamitha Baiju, Shyam Mohan',0.0,'Sachin''s quest for love takes unexpected turns, creating a laughter-filled love triangle.','https://youtu.be/rR_2ti4l3nM?si=Bn0BvciIStesY7Mk','Comedy Romance','posters/premalu-indian-movie-poster-md.jpg','2024');
CREATE TABLE IF NOT EXISTS "users_useraccount" ("id" integer NOT NULL PRIMARY KEY AUTOINCREMENT, "password" varchar(128) NOT NULL, "last_login" datetime NULL, "first_name" varchar(255) NOT NULL, "last_name" varchar(255) NOT NULL, "email" varchar(255) NOT NULL UNIQUE, "is_active" bool NOT NULL, "is_staff" bool NOT NULL, "is_superuser" bool NOT NULL);
INSERT INTO users_useraccount VALUES(1,'pbkdf2_sha256$870000$RxQfuNMn3PIJBtPPWIhCy7$fZ3dm5Ar4WPR6B2k/LdhnrKKW38y8s87BlEjzdaQH/U=',NULL,'Rahul','Sanjeev','rahulsanjeevbusiness@gmail.com',0,0,0);
CREATE TABLE IF NOT EXISTS "users_useraccount_groups" ("id" integer NOT NULL PRIMARY KEY AUTOINCREMENT, "useraccount_id" bigint NOT NULL REFERENCES "users_useraccount" ("id") DEFERRABLE INITIALLY DEFERRED, "group_id" integer NOT NULL REFERENCES "auth_group" ("id") DEFERRABLE INITIALLY DEFERRED);
CREATE TABLE IF NOT EXISTS "users_useraccount_user_permissions" ("id" integer NOT NULL PRIMARY KEY AUTOINCREMENT, "useraccount_id" bigint NOT NULL REFERENCES "users_useraccount" ("id") DEFERRABLE INITIALLY DEFERRED, "permission_id" integer NOT NULL REFERENCES "auth_permission" ("id") DEFERRABLE INITIALLY DEFERRED);
DELETE FROM sqlite_sequence;
INSERT INTO sqlite_sequence VALUES('django_migrations',25);
INSERT INTO sqlite_sequence VALUES('django_admin_log',16);
INSERT INTO sqlite_sequence VALUES('django_content_type',9);
INSERT INTO sqlite_sequence VALUES('auth_permission',36);
INSERT INTO sqlite_sequence VALUES('auth_group',0);
INSERT INTO sqlite_sequence VALUES('auth_user',4);
INSERT INTO sqlite_sequence VALUES('movies_movie',9);
INSERT INTO sqlite_sequence VALUES('users_useraccount',1);
CREATE UNIQUE INDEX "auth_group_permissions_group_id_permission_id_0cd325b0_uniq" ON "auth_group_permissions" ("group_id", "permission_id");
CREATE INDEX "auth_group_permissions_group_id_b120cbf9" ON "auth_group_permissions" ("group_id");
CREATE INDEX "auth_group_permissions_permission_id_84c5c92e" ON "auth_group_permissions" ("permission_id");
CREATE UNIQUE INDEX "auth_user_groups_user_id_group_id_94350c0c_uniq" ON "auth_user_groups" ("user_id", "group_id");
CREATE INDEX "auth_user_groups_user_id_6a12ed8b" ON "auth_user_groups" ("user_id");
CREATE INDEX "auth_user_groups_group_id_97559544" ON "auth_user_groups" ("group_id");
CREATE UNIQUE INDEX "auth_user_user_permissions_user_id_permission_id_14a6b632_uniq" ON "auth_user_user_permissions" ("user_id", "permission_id");
CREATE INDEX "auth_user_user_permissions_user_id_a95ead1b" ON "auth_user_user_permissions" ("user_id");
CREATE INDEX "auth_user_user_permissions_permission_id_1fbb5f2c" ON "auth_user_user_permissions" ("permission_id");
CREATE INDEX "django_admin_log_content_type_id_c4bce8eb" ON "django_admin_log" ("content_type_id");
CREATE INDEX "django_admin_log_user_id_c564eba6" ON "django_admin_log" ("user_id");
CREATE UNIQUE INDEX "django_content_type_app_label_model_76bd3d3b_uniq" ON "django_content_type" ("app_label", "model");
CREATE UNIQUE INDEX "auth_permission_content_type_id_codename_01ab375a_uniq" ON "auth_permission" ("content_type_id", "codename");
CREATE INDEX "auth_permission_content_type_id_2f476e4b" ON "auth_permission" ("content_type_id");
CREATE INDEX "django_session_expire_date_a5c62663" ON "django_session" ("expire_date");
CREATE UNIQUE INDEX "users_useraccount_groups_useraccount_id_group_id_3cd0c5ca_uniq" ON "users_useraccount_groups" ("useraccount_id", "group_id");
CREATE INDEX "users_useraccount_groups_useraccount_id_5be1cfea" ON "users_useraccount_groups" ("useraccount_id");
CREATE INDEX "users_useraccount_groups_group_id_1577102c" ON "users_useraccount_groups" ("group_id");
CREATE UNIQUE INDEX "users_useraccount_user_permissions_useraccount_id_permission_id_44b0b237_uniq" ON "users_useraccount_user_permissions" ("useraccount_id", "permission_id");
CREATE INDEX "users_useraccount_user_permissions_useraccount_id_79ea4373" ON "users_useraccount_user_permissions" ("useraccount_id");
CREATE INDEX "users_useraccount_user_permissions_permission_id_a6d5a0c1" ON "users_useraccount_user_permissions" ("permission_id");
COMMIT;
